"","MR1","MR2","MR3"
"neuromarketers",-0.00803248761016009,-0.0114664963229388,0.020875107162519
"neuromarketing",-0.0858093745213969,-0.0517632463610991,0.259142539066853
"neuromarketings",-0.00670626629369166,-0.0104292918825084,0.0129733858237981
"psychophysiologicalneuromarketing",0.998700815773853,-0.000171929589250129,5.93036189642862e-05
"misperception",-0.00538074395809963,-0.00939329150534712,0.00507677133509237
"perception",-0.0254052471341632,-0.0341726403311281,0.0093198282995211
"percepts",-0.00273093694865933,-0.00732403486615503,-0.0107125143935076
"perceptual",0.00244732356074932,0.00294291095746918,0.925749776855042
"attitude",-0.0167065262510284,-0.0305266446381901,0.0064738490024852
"attitudes",-0.00273093694865937,-0.00732403486615477,-0.0107125143935077
"depersonalized",-0.00405570602943345,-0.00835827856009499,-0.00281757930604775
"personalization",-0.00349388451844982,-0.009015545341289,-0.0131831202756617
"personnel",-0.00405570602943345,-0.00835827856009498,-0.00281757930604774
"neuropsychological",-0.00670138945598621,0.00303495536187944,-0.019747921612915
"neuropsychology",-0.0128522688539331,-0.00278609864193547,-0.00527608908280176
"psyche",-0.0076160588599472,0.0014448169321021,-0.00145285026661585
"psychiatric",-0.00273093694865938,-0.00732403486615477,-0.0107125143935076
"psychiatrists",-0.00751186954033452,0.120904872739397,0.00182952956072532
"psychiatry",-6.91952081790029e-05,0.592510025294815,0.00293659727208929
"psychological",-0.0200325122478838,-0.0325132421733135,-0.0296037549416781
"psychology",-0.0228405876991455,-0.0223130134907172,0.00255629206735587
"psychometric",-0.0122243886922723,-0.0192038432963028,0.0233025788058265
"psychophysics",-0.00405570602943345,-0.00835827856009498,-0.00281757930604775
"psychophysiological",-0.00662475502567281,-0.0171435625790609,0.423166839681026
"psychophysiologicalneuromarketing.1",0.998700815773854,-0.000171929589250133,5.93036189644597e-05
"psychophysiology",-0.0127143836134086,-0.0242857915402904,-0.00512431397160976
"psychotherapy",-0.00425700799645211,-0.010707586069442,-0.0156547089364096
"cognition",-0.0102303325529745,0.0108235202603955,-0.0412731815530512
"cognitional",-0.00711436298192095,-0.016158093929794,-0.0154251516660413
"cognitive",-0.0262252317153621,0.272115789580335,-0.0510437137485099
"cognitiverelevant",-0.00273093694865938,-0.00732403486615478,-0.0107125143935077
"neurocognitive",0.000227764523624861,1.00063513319955,0.000555064351216064
"recognition",-0.0200832563747163,-0.0335123981529971,-0.0379377808693012
