"","MR1","MR2","MR3","MR4"
"analysis",0.0344108052625136,0.360246179064421,-0.0692566457083792,0.470250219297254
"application",0.116763495209756,0.16111321602154,0.114325308755555,-0.0433758383816735
"applications",-0.131455969460817,0.467692240141428,-0.20129458442267,-0.201120089923469
"approach",0.612703165475712,0.258421737414032,0.264834545543631,0.00709830901302984
"approaches",0.577845548320847,0.350422121416356,-0.0630208775775202,-0.106362523935869
"brain",-0.0890201838828908,-0.149343897240685,-0.00842217135740586,0.405170628967931
"clinical",0.0482889798066186,0.0575525809211673,-0.180394800788961,-0.0285285511616427
"cognitive",-0.0196540638193482,-0.0414782599330241,0.83709924470837,-0.0249510977910394
"data",-0.0635814680200444,0.919780593232552,0.0205431592174925,-0.00775889352771868
"developed",-0.157258672840328,-0.183565668261824,-0.134771128909725,0.320137192016125
"development",-0.102230775055592,-0.0290627715927192,0.0909632329756812,-0.180977254224753
"field",-0.137741239630319,0.183478945205707,-0.04711950371674,-0.0941356990631188
"human",0.855939665059279,-0.14662373023126,0.0165447220996618,0.0453717562278516
"information",-0.0208991695056951,-0.0229707767043516,0.0144636087208651,0.141429104067055
"knowledge",0.301613913870336,-0.0166409661515891,-0.00936676472946855,-0.0694282168246723
"learning",-0.0222347486758627,-0.0285843321560533,0.933824792382071,0.0179317577369343
"management",0.648722015042942,-0.0817563803228127,-0.151763598804306,-0.115366149825808
"methods",0.0531660843966677,-0.0036414133554156,-0.0877352335179448,0.64704365319446
"model",-0.0864470021977238,0.707343161154089,0.0885696418446362,-0.0525485556153956
"neuroscience",0.105735659694003,0.186575046267945,0.582311432143887,-0.0382293041465915
"order",0.350137183122074,0.611527649862198,-0.117713132720742,0.0766923753531268
"performance",-0.123747713450614,-0.13086193052896,-0.187462648400204,-0.296590186112205
"potential",-0.0988636391693398,-0.0527655701123213,-0.06121758079261,-0.0497078106865176
"research",0.0322992554665299,0.12402638713246,0.130157758074775,0.315116121902
"resource",0.764090495116982,-0.0964942426169815,-0.0156657408851776,0.0251595884327909
"resources",-0.243749694898775,0.152034350348833,-0.124437123191273,-0.071776348507653
"results",0.0103887105730076,0.134079517820358,-0.069171197139842,-0.24357742043448
"system",-0.120518649176643,-0.209504214024613,-0.0366970141458727,-0.103026462477061
"systems",-0.164973860241803,-0.0424234446727465,-0.128612448008463,-0.278957693156804
"techniques",-0.0586950094642177,-0.0350605066244809,0.0613873092680365,0.68311278195423
"technology",-0.0791060012747369,-0.0840282866937438,-0.0359257942331158,0.328021498782147
"tools",-0.199124029471822,0.536480415525422,-0.112294093915763,0.124561348899032
